"CHR","POS","(C)M","COUNTED","ALT","VARIANT_ID","jelinkovi_146","jelinkovi_344","jelinkovi_397","jelinkovi_417","jelinkovi_515","jelinkovi_765","jelinkovi_768","jelinkovi_905","jelinkovi_P102","JW3","JW5","JW15","JW11"
8,102016887,107.077,"A","G","8_102016887_G_A",1,1,2,1,1,1,1,1,1,1,1,2,2
8,102087549,107.293,"T","G","8_102087549_G_T",1,1,1,1,1,1,1,1,1,1,1,1,1
8,102117048,107.382,"G","T","8_102117048_T_G",1,1,1,1,1,1,1,1,1,1,1,1,1
8,102127338,107.414,"A","G","8_102127338_G_A",1,1,1,1,1,1,1,1,1,1,1,1,1
8,102293420,107.774,"C","T","8_102293420_T_C",1,1,2,1,1,1,1,1,2,2,1,2,1
8,102751489,108.661,"A","G","8_102751489_T_C",1,1,1,1,1,1,1,1,1,1,1,1,1
8,102754874,108.668,"G","T","8_102754874_C_A",1,1,1,1,1,1,1,1,1,1,1,1,1
8,102756851,108.672,"A","G","8_102756851_A_G",1,1,1,1,1,1,1,1,1,1,1,1,1
8,104471749,111.473,"A","G","8_104471749_G_A",1,1,1,1,1,1,1,1,1,1,1,1,1
8,104607119,111.64,"G","A","8_104607119_A_G",1,1,1,1,1,1,1,1,1,1,1,1,1
8,105279790,112.119,"A","G","8_105279790_G_A",1,1,1,1,1,1,1,1,1,1,1,2,1
8,105393687,112.145,"G","A","8_105393687_G_A",1,2,1,1,1,1,1,1,1,1,1,1,1
8,106319151,112.56,"G","A","8_106319151_A_G",1,1,1,1,1,1,1,1,1,1,1,1,1
8,106323571,112.563,"C","A","8_106323571_A_C",1,1,1,1,1,1,1,1,1,1,1,1,1
8,106337464,112.574,"A","G","8_106337464_G_A",1,1,1,1,1,1,1,1,1,1,1,1,1
8,106355601,112.589,"C","A","8_106355601_A_C",1,1,1,1,1,1,1,1,1,1,1,1,1
8,106381365,112.61,"A","C","8_106381365_C_A",1,1,1,1,1,1,1,1,1,1,1,1,1
8,106700287,112.783,"G","A","8_106700287_G_A",1,1,1,1,1,1,1,1,1,1,1,1,2
8,106753057,112.812,"C","T","8_106753057_T_C",1,1,1,1,1,1,1,1,1,2,1,1,1
8,106755759,112.813,"G","A","8_106755759_A_G",1,1,1,1,1,1,1,1,1,2,1,1,1
8,106758693,112.814,"A","G","8_106758693_G_A",1,1,1,1,1,1,1,1,1,2,1,1,1
8,110510084,115.384,"T","C","8_110510084_C_T",1,1,1,1,1,1,1,1,1,1,1,1,1
8,113390586,116.04,"G","A","8_113390586_A_G",1,1,2,1,1,1,1,1,2,2,1,1,1
8,113390874,116.04,"T","C","8_113390874_C_T",1,1,2,1,1,1,1,1,2,2,1,1,1
8,113862087,116.417,"A","G","8_113862087_A_G",1,1,1,1,1,1,1,1,1,1,1,1,2
8,113865970,116.422,"C","T","8_113865970_C_T",1,1,1,1,1,1,1,1,1,1,1,1,2
8,113872324,116.431,"G","T","8_113872324_G_T",1,1,1,1,1,1,1,1,1,1,1,1,2
8,113874706,116.434,"G","A","8_113874706_G_A",1,1,1,1,1,1,1,1,1,1,1,1,2
8,114791261,116.668,"G","A","8_114791261_G_A",1,1,1,1,1,1,1,1,1,1,1,1,2
8,114795014,116.67,"C","T","8_114795014_C_T",1,1,1,1,1,1,1,1,1,1,1,1,2
8,114810353,116.675,"G","T","8_114810353_G_T",1,1,1,1,1,1,1,1,1,1,1,1,2
8,114819384,116.678,"T","C","8_114819384_T_C",1,1,1,1,1,1,1,1,1,1,1,1,2
8,114825281,116.68,"G","A","8_114825281_G_A",1,1,1,1,1,1,1,1,1,1,1,1,2
8,114875165,116.698,"A","G","8_114875165_A_G",1,1,1,1,1,1,1,1,1,1,1,1,2
8,114885432,116.701,"G","A","8_114885432_G_A",1,1,1,1,1,1,1,1,1,1,1,1,2
8,114892585,116.704,"A","G","8_114892585_A_G",1,1,1,1,1,1,1,1,1,1,1,1,2
8,114895789,116.705,"A","C","8_114895789_A_C",1,1,1,1,1,1,1,1,1,1,1,1,2
8,114989051,116.738,"C","A","8_114989051_A_C",1,1,2,1,1,1,1,1,1,1,1,1,1
8,115688324,116.985,"T","C","8_115688324_C_T",1,2,2,1,1,1,1,1,2,1,1,1,1
8,116295809,117.2,"A","G","8_116295809_C_T",1,1,1,1,1,1,1,1,1,2,1,2,2
8,116394075,117.234,"G","A","8_116394075_A_G",1,1,1,1,1,1,1,1,1,1,1,2,1
8,117162322,117.81,"G","C","8_117162322_G_C",1,1,1,1,1,1,1,1,1,1,1,1,2
8,117168129,117.815,"A","G","8_117168129_A_G",1,1,1,1,1,1,1,1,1,1,1,1,2
8,117168712,117.815,"G","A","8_117168712_G_A",1,1,1,1,1,1,1,1,1,1,1,1,2
9,135993044,149.461,"A","G","9_135993044_A_G",1,2,2,1,1,1,1,1,1,1,1,1,1
12,103938682,117.32,"G","A","12_103938682_G_A",1,2,1,1,1,1,1,1,1,2,1,2,2
